title,product_img,product_link,category,reviews,description,rating,price,old_price
Activepieces,https://appsumo2-cdn.appsumo.com/media/deals/images/as-web-Activepieces-_16_9.png?width=864&height=486&aspect_ratio=16:9,/products/activepieces/,Development tools,25,Automate business processes and content writing with this no-code alternative to Zapier,4.92 stars,$59,$300
Divhunt,https://appsumo2-cdn.appsumo.com/media/deals/images/as-web-Divhunt_-_16_9.png?width=864&height=486&aspect_ratio=16:9,/products/divhunt/,Web builders,106,Effortlessly build fast and limitless websitesâ€”no coding required,4.93 stars,$59,$180
NeuronWriter,https://appsumo2-cdn.appsumo.com/media/deals/images/as-web-Neuronwriter_-_16_9_-_1.png?width=864&height=486&aspect_ratio=16:9,/products/neuronwriter/,Content marketing,603,Use semantic recommendations to boost your SEO and plan high-ranking content,4.94 stars,$69,$750
Team-GPT,https://appsumo2-cdn.appsumo.com/media/selfsubmissions/images/781f0e26-892c-4d45-b3aa-f6c6bf565ec3.png?width=864&height=486&aspect_ratio=16:9,/products/team-gpt/,Productivity,20,"Learn, collaborate, and master ChatGPT in one shared workspace",5 stars,$49,$120
Reoon Email Verifier,https://appsumo2-cdn.appsumo.com/media/selfsubmissions/images/3d87ab8f-535f-4b9a-a635-721ebe869ffe.png?width=864&height=486&aspect_ratio=16:9,/products/reoon-email-verifier/,Email marketing,370,"The most accurate email validation service that cleans invalid, temporary & unsafe email addresses.",4.96 stars,$79,$418.50
SiteGuru,https://appsumo2-cdn.appsumo.com/media/selfsubmissions/images/c7fa5d07-e209-4424-8572-6e11a9b30b95.png?width=864&height=486&aspect_ratio=16:9,/products/marketplace-siteguru/,SEO,403,Improve and monitor your website's rankings with an actionable SEO todo-list,4.97 stars,$69,$599
TYKR,https://appsumo2-cdn.appsumo.com/media/deals/images/1_KDi90om.png?width=864&height=486&aspect_ratio=16:9,/products/tykr/,Investing,150,TYKR helps you manage your own investments and beat the market so you can retire early,4.91 stars,$119,$900
QApop,https://appsumo2-cdn.appsumo.com/media/selfsubmissions/images/045ccf27-a2ce-4dd6-8011-e4797d7ce934.png?width=864&height=486&aspect_ratio=16:9,/products/qapop/,Content marketing,23,Grow with Quora & QApop; Quora has the lowest CAC for B2B SaaS startups among all social platforms,4.96 stars,$39,$180
Switchy,https://appsumo2-cdn.appsumo.com/media/deals/images/as-web-Switchy_1.jpg?width=864&height=486&aspect_ratio=16:9,/products/switchy/,Lead generation,222,Boost engagement and conversions with custom retargeting links,4.95 stars,$39,"$2,400"
Eurekaa.io,https://appsumo2-cdn.appsumo.com/media/selfsubmissions/images/248a05e3-5e5b-4aff-bdb3-0f11c2a7ecc6.jpeg?width=864&height=486&aspect_ratio=16:9,/products/eurekaa/,Course builders,55,"Ideate, validate, and create a course, book, or how-to content... in record time",4.96 stars,$139,$399
Fouita Smart Widgets,https://appsumo2-cdn.appsumo.com/media/selfsubmissions/images/97ff055f-a0b9-4e58-9539-9e8f83626304.png?width=864&height=486&aspect_ratio=16:9,/products/fouita-smart-widgets/,Lead generation,33,"Smart widgets that generate leads, engage visitors, and drive sales on autopilot",4.97 stars,$89,"$1,317"
Hirevire,https://appsumo2-cdn.appsumo.com/media/selfsubmissions/images/ef40d05d-2459-4ffa-87d1-dc784c9b58dd.png?width=864&height=486&aspect_ratio=16:9,/products/hirevire/,HR,34,Collect video interviews from job applicants -- make your traditional interviews better,4.91 stars,$59,$980
